name,country,contact_person,email
DALIAN QIXIANG REFRACTORIES CO.; LTD.,,Ms.Maria,maylongdalian@163.com; kxl1981@163.com
DELDA CARBON,,Ms.Rita Liu,rita@delda.com.cn
DAN TAN,,Eason Che,eason.che@qq.com
JIANLONG CARBON,,Ana Xu,anaxu@jiang-long.com
FANGDA CARBON ,,Eason Che,eason.che@qq.com
KIMWAN CARBON,,Hidy,hehuan@kimwan.cn
BEIJING LY METALS AND MINING ,,Ms. Lucy Wang,wanghuiying51@hotmail.com
HAILI CARBON,,Ms. Haili ,haili@hailicarbon.com
CIMM GROUP,,Ms. Jenny,jenny@cimmuk.com
HEBEI YUNAI NEW MATERIAL TECHNOLOGY,,Mr. Jack Yan,jack@yncarbon.com
HEBEI KANGNAIXING,,Kun Wang,kun@hbkangnaixing.com
ANSSEN METALLURGY,,Aaron Huang,tech@anssen.com
APOYO METALLURGY CO.;LTD,,Ms.Leticia,apoyometalleticia@163.com ;  leticia@lnsstsjt.cn
KAIDA ROLL,,Stacy Wang,stacy@kaidaroll.com
DELONG ROLL,,An Zinuo,sale@delongroll.com
BKDR TECH,,Myron Zhu,myron.zhu@qq.com
TANGSHAN WEILAN TRADING,,Sheridan ,sales3@tsweilang.com
METALLFOX,,Natalia Erkina,n.erkina@metallfox.ru
WESTBROOK RESOURCES LTD,,Andy Sharp,asharp@wbrl.co.uk
IXM,,Annabelle Liang ,annabelle.liang@ixmmetals.com
GAOTENG INDUSTRIAL RAW MATERIALS,,Ms. Carol,gaoteng1@gtdl.com.cn
JIANGXI KEXING SPECIAL CERAMIC CO.LTD,,,
JIANGXI KEXING SPECIAL CERAMIC CO.; LTD,,,
HITECH INDUSTRIAL HOLDING CO.; LIMITED,,Tina Gong (Ms.) ; Dr. Stone Wu (Mr.),tina@forevermaterial.com; stonewu@forevermaterial.com 
DASHIQIAO GUANCHENG REFRACTORY CO. LTD,,MR.SUN GUOZHU,sunguozhu0205@163.com;   420876852@qq.com 
LIAONING FUCHENG REFRACTORY PRODUCTS GROUP CO.;LTD ,,Ms.Sunny Liu ,sea585@163.com
EBEI GUIKUN CHEMICALPRODUCT CO.;LTD ,,Ms. Silvia,silvia@guikunchem.com
AMANDA INTERNATIONAL PRIVATE LIMITED ,,Ms.Lucy Zhao,sales01@amanda.net.cn
XINHU SOUTH WOLLASTONITE,,China,
SONG BINH MINERALS JOINT STOCK COMPANY,,Shina ( Ms.Duong )  ,duong.tran@songbinhminerals.com ;  tri.huynh@songbinhminerals.com
EAST MINERALS,,Vietnam,
VMPC MINERALS,,Vietnam,
PT MONOKEM SURYA,,indonesia,
MAOSON MINERALS LIMITED,,Mr. DU Yongjun; Ms. Lu Na,du_yongjun_007@163.com
PRIME RESOURCES TRADING CO.; LIMITED,,Mr. Ren; Ms. YU Jing,rxm@sinominmetals.com.cn; smmaster@sinominmetals.com.cn
SINO MINMETALS CO.;LTD,,Mr. Ren; Ms. YU Jing,rxm@sinominmetals.com.cn; smmaster@sinominmetals.com.cn
JSM REFRACTORY COMPANY LIMITED,,MS. Monica Lee; Ms. Ryan,monica@jsmrefractory.com; Ryan@jsmrefractory.com
REFMIN INTERNATIONAL CO; LTD,,Mr. Ivan; Jack; ,ivan@refmin.com.cn; jack@refmin.com.cn
INDUSTRIAL MINERALS COMPANY L.L.C; OWNED BY MAADEN CO.,,Mr. Ali Mohammed Al Sarar ; Mr. Kumar Chenniappan & Mr.Suhayb  Khalid Albilasi,SararA@maaden.com.sa; ChenniappanK@Maaden.com.sa ; AlbilasiS@maaden.com.sa
KONYA SELCUKLU KROM MAGNEZIT TUGLA SANAYII A.S.,,Mr. Hasan Guney,konyakrom@konyakrom.com; gidenvrak@konyakrom.com
IBAR NORDESTE LTDA,,Erica Almeida ; Emilio Lobato,erica@ibarnordeste.com.br ; emilio.lobato@ibarnordeste.com.br
XILOLITE; BRAZIL,,Marco Aurélio Lobo da Luz,marco.luz@xilolite.com.br
BETTERLY INDUSTRIAL CO.; LTD.,,Mr. Shuguang QU; Ms. Erica,zzqufeng@hotmail.com
FUPENG INTERNATIONAL GROUP LTD.,,Ms. Hellen Du,hellen@fupengmgo.com
REALHI TRADE CO. LTD,,Ms. Jane,manager@dlrenheng.com
LIANYUNGANG EAST SUN INTERNATIONAL TRADE CO.;LTD,,Mr. Zhang Rongbin,chinagraphite@vip.163.com
GANSU JINSHI CHEMICAL INDUSTRIAL CO.LTD,,Mr. Robert,chromechem@hotmail.com
CORONA ,,Esteban Barrientos Villegas - Direct Materials Corporate Negotiator,ebarrientosv@corona.com.co
MAGNESITA MINERACAO S.A.; BRAZIL,,Maria Paula Guimarães Rezende;  Eber Almeida ;  Alvaro lopes,Maria.Rezende@rhimagnesita.com; Eber.Almeida@rhimagnesita.com; Alvaro.Lopes@RHIMagnesita.com
ERYAS OLIVINE MADENCILIK VE DIS TIC.LTD. STI.,,Mr.Murat YAKUT-Foreign Trade Manager,muratyakut@eryas.com; berkanipek@eryas.com
IBAR NORDESTE LTDA.; BRAZIL,,Erica Almeida ;  Emilio Lobato, ibarcomex@ibar.com.br ; erica@ibarnordeste.com.br; emilio.lobato@ibarnordeste.com.br
PAN GLOBAL TRADING LLC ,,MR ANIL KAPUR ,ak@panglobaltrading.com
AL JOOD NATURAL RESOURCES LLC,,Mohammed Rizwan,rizwan@aljood.om
PACIFIC EXIM PVT LTD KARACHI ,,Arsalan Wasi ,arsalan.wasi@pacificexim.com
MIR MINES AND MINERALS,,Mutee ur Rehman;,mutee@mirminerals.com
SYNDICATE MINERAL EXPORT COMPANY,,Aziz Kanani, aziz.kanani@hashwanigroup.com
QTINITY,,Humair Qureshi,humairqureshi@qtinity.com
SURVIEW PVT. LTD. (RAHIMTOOLA GROUP OF COMPANIES),,Abbas Rahitoola ,abbas@rahimtoolagroup.com
KAMRAN COMMERCIALS PVT LTD ,,Anis Gul ,kamran_commercials@hotmail.com
KIBAR GROUP ,,Mehmet Karakas ,mehmet.karakas@kibardisticaret.com
METAL MARKET ,,Mehmet Delen ,mehmet@metalmarket.com.tr
CUBYIRA COMMODITIES PARTNERS,,Ishan Bhaskar ,ishanbhaskar@gmail.com
ALCHEMY HEAVY METAL,,,
BBC MINES,,,
ANIL MINERALS,,,
QUARRO;MINECRAFT MINERALS,,,
FLOOREX TILES,,,
MASTER MINERALS,,,
ROHIT FERRO TECH ,,Mr Ankit  Patni,ankit.patni@rohitferrotech.com
JAI BALAJI INDUSTRIES LTD,,Mr Tahmeed ,tahmeed@jaibalajigroup.com
GSA SH.P.K,,ELTON BEQI ,elton.beqi@gsa.al
MAITHAN ALLOYS LTD,,Mr Bhaskar Behera ,office@maithanalloys.com
HIRA POWER AND STEELS LTD ; INDIA ,,Mr Vikas AGARWAL,export@hpslindia.com
ABHIJEET FERRO TECH LIMITED ,,Anil Nair ,anil.nair@abhijeet.in
SHIVOM IRON AND STEEL ,,Mr Ganesh Mukherjee, shivamiron.exim@gmail.com
D S ALLOYD ,,MR GOPAL,gopal@dsalloys.com
GANSU RICH MINMETALS CO.;LTD,,Ms wang ,gansurich@hotmail.com
RIMA INDUSTRIAL S;A,,Jonas Ribeiro Faria,jrf@rima.com.br
LANZHOU SUNRISING FERROALLOY CO.;LTD ,,Mr Deer Lu ; Ms Lilian,sales@westfesi.com
JINLI GROUP ,,Mr Bajoe,info@chinacoredwire.com
XIAMEN ITG GROUP CORP.; LTD.,,Ms Cindy ,liuwx@itg.com.cn 
XIAMEN FD IMP & EXP CO.; LTD,,Ms Summer ,export1@xiamenfd.com
ICI SUISEE ,,Eugene Simonovskiy,e.simonovskiy@ici-suisse.com
